prenom,nom,telephone,couleur,courriel,ip
Jalon,Greenholt,(968) 915-1087,white,Felicia.Emmerich28@yahoo.com,248.90.138.87
Jose,VonRueden,344.814.4317,blue,Lane_Williamson28@gmail.com,210.108.210.101
Emmet,Fahey,042.260.4703,mint green,Andreanne_Schiller@gmail.com,87.132.186.167
Jamie,Ryan,(941) 152-5265,mint green,Alverta_Dickinson69@yahoo.com,172.4.34.241
Aurelie,Parker,(966) 314-1073 x730,indigo,Bryce55@hotmail.com,139.217.236.254
Verlie,Orn,633-031-4287 x5961,green,Bertrand.Torphy81@hotmail.com,239.87.183.234
Trisha,Quigley,985-334-5564,green,Rosemary.Von43@gmail.com,154.217.94.137
Aric,Tremblay,779.793.0049 x0565,fuchsia,Leila.Mayer@hotmail.com,109.116.254.92
Llewellyn,Rogahn,520-879-8551 x6213,pink,Garett52@hotmail.com,176.61.133.6
Cali,Sawayn,793.149.7207 x79846,magenta,Daisha.Rempel1@gmail.com,238.116.54.118
Lulu,Kuhlman,901-007-1967 x38410,pink,Willow39@gmail.com,33.46.253.86
Meaghan,Abshire,014.257.7474 x0332,gold,Clarabelle_Wolf75@hotmail.com,21.120.26.81
Johan,Daniel,345-642-9588 x6986,teal,Sylvester92@hotmail.com,43.34.183.244
Hillary,Cummerata,453.321.3012,yellow,Lucinda25@gmail.com,194.92.21.74
Leilani,Balistreri,(618) 778-6760 x8183,azure,Tierra_Langosh27@gmail.com,202.56.180.6
Daron,Labadie,907-752-5098 x4211,teal,Kylee23@yahoo.com,74.223.20.149
Vida,Gutkowski,936.011.7410 x2837,black,Emery_Bode25@gmail.com,22.226.157.153
Ellen,Hamill,050.347.0587,lavender,Stone_McCullough62@hotmail.com,134.153.56.178
Evangeline,Kuvalis,632.171.7149,indigo,Timmy_Block48@hotmail.com,29.225.217.44
Jewell,Wiegand,639-649-1799 x4149,purple,Isadore65@hotmail.com,29.30.180.150
Birdie,Langworth,(886) 585-0964 x8226,salmon,Elwin1@yahoo.com,3.118.52.101
Claudie,Koepp,(706) 348-8161,purple,Marcelino.Quitzon@gmail.com,149.24.122.141
Karina,Gorczany,1-319-443-6702 x299,fuchsia,Garrick84@hotmail.com,129.117.57.241
Alanna,Hills,425-246-4832 x8881,cyan,Carmine70@gmail.com,130.143.17.9
Nikko,Torphy,1-337-412-8334,azure,Thomas_Klocko99@gmail.com,198.123.47.66
Leonor,Bernhard,936.129.0156,black,Barney_Bosco@gmail.com,116.77.33.21
Bette,Bartoletti,1-909-689-3873 x3035,black,Rodrigo_Cummings@hotmail.com,158.235.218.42
Claudie,Cummings,1-243-484-5400 x058,green,Karina.Marks27@yahoo.com,201.70.29.135
Alexandre,Hodkiewicz,917.587.1053 x1768,violet,Alison_Bailey3@yahoo.com,136.165.198.28
Nikko,Williamson,(815) 615-2379 x56020,black,Wilhelmine_Schimmel70@hotmail.com,124.216.202.20
Isac,Nader,351.530.5844,black,Ronaldo24@gmail.com,217.74.111.22
Stephanie,Ebert,1-742-875-0147 x94045,maroon,Cecelia.Gerhold41@hotmail.com,96.108.94.214
Jeanie,Zieme,852.836.8048,red,Ruth76@yahoo.com,106.52.206.244
Hoyt,Reilly,(952) 502-5580,teal,Salvador.Nienow@gmail.com,25.190.140.154
Kaci,Raynor,(555) 595-8073 x559,azure,Waino_Bashirian@hotmail.com,194.19.192.234
Garrick,Gusikowski,807.712.4945,purple,Nyah21@gmail.com,119.239.55.25
Oceane,Ferry,459-617-7725,pink,Finn40@yahoo.com,189.146.125.41
Alfonzo,Deckow,1-291-998-8832 x051,black,Brennan.Grant@yahoo.com,151.223.177.211
Diana,Krajcik,968-473-2395,gold,Dayna_Welch78@yahoo.com,25.132.88.152
Nelda,Zieme,1-749-619-1302 x63257,grey,Stanford3@gmail.com,106.192.3.191
Dedric,Nolan,1-614-115-8928 x5814,green,Savannah.Mante15@hotmail.com,238.34.178.149
Jana,O'Reilly,700.347.6342 x5385,salmon,Nichole_Welch36@hotmail.com,102.197.22.54
Fleta,Braun,964.365.5987 x74074,azure,Clarabelle.Zemlak@gmail.com,125.63.100.29
Alfonzo,Fritsch,1-264-878-0179 x9979,purple,Rebekah.Kihn33@gmail.com,183.248.184.79
Miguel,Hammes,855.999.2308 x50990,fuchsia,Wilton_Rippin70@hotmail.com,193.235.174.173
Rosalee,Kerluke,(563) 747-4578 x9944,cyan,Robin.Berge88@yahoo.com,173.92.90.22
Jules,Gorczany,1-315-722-9634,olive,Meta_Nicolas94@gmail.com,30.108.92.139
Alexandrine,Hagenes,371-288-5282,white,Brandi_Wilderman52@hotmail.com,232.197.210.232
Maya,Kuhlman,957-495-3327 x147,maroon,Muriel_Balistreri@yahoo.com,13.127.150.188
Nestor,Bechtelar,416.487.5038 x5651,fuchsia,Jeffry.Predovic@hotmail.com,196.84.51.47
Jaden,Lebsack,1-622-785-9627 x573,orchid,Pierce70@hotmail.com,218.164.93.56
Hunter,Ruecker,600-534-0522,gold,Ted_Blanda@yahoo.com,147.246.232.17
Mackenzie,Spinka,103.412.6591,white,Moriah_Pfeffer@hotmail.com,59.7.6.77
Emily,Roob,1-461-035-3082 x361,lavender,Curt_Konopelski@gmail.com,52.200.148.43
Kiley,Reichel,(805) 022-9354 x56761,indigo,Bessie.Emard14@gmail.com,128.206.152.84
Kavon,Ratke,(895) 035-5034,lime,Phoebe81@yahoo.com,56.145.85.208
Crystal,Gleichner,790.870.6069 x707,plum,Coty.Paucek85@gmail.com,76.44.220.46
Bud,Nikolaus,675-071-6138,teal,Albina.Jacobson@yahoo.com,132.173.223.241
Benny,Kerluke,373-360-6603,gold,Demond_Crist17@yahoo.com,33.170.16.215
Cecile,Paucek,(066) 969-6623,gold,Mylene_Eichmann10@gmail.com,208.212.229.173
Jackeline,Leuschke,(068) 774-6547 x39818,ivory,Michaela.Schuster8@hotmail.com,194.185.218.36
Barry,Strosin,1-817-986-4524,violet,Ottis_Kris93@gmail.com,44.125.192.123
Ryder,Kessler,322-125-9831 x391,violet,Tatum_Bradtke79@gmail.com,45.34.151.62
Laisha,Grady,045.871.9619 x749,green,Katlynn.Zemlak@yahoo.com,96.66.6.61
Marcelo,Klocko,455.375.4500 x484,silver,Giovanni_Simonis18@yahoo.com,230.81.200.247
Moshe,Ullrich,507.611.0527 x53154,indigo,Bernardo_Batz80@yahoo.com,2.196.97.204
Golden,Gleason,1-078-938-5779,salmon,Nick_Heathcote@hotmail.com,60.2.106.61
Destin,Bechtelar,154-271-7178 x0945,magenta,Eloisa.Lang@gmail.com,243.242.76.254
Janae,Hoeger,020-201-9169,teal,Laurie.Wilkinson@yahoo.com,25.84.7.187
Bria,Torphy,274-520-4480,plum,Asha.Stark32@hotmail.com,155.6.241.235
Sophie,Considine,281.201.9149 x0996,cyan,Rosalee_Rippin10@yahoo.com,16.147.195.38
Maverick,Bernier,755.742.7363,green,Jade_Waters@yahoo.com,177.240.232.169
Lera,Dickens,(702) 561-5423,green,Adam_Ortiz13@hotmail.com,115.227.153.233
Ross,O'Reilly,1-456-051-1740 x80334,orange,Kristopher_Runte@hotmail.com,156.25.120.95
Cecil,Wisozk,001.630.7709 x788,ivory,Antonietta.Pacocha@yahoo.com,218.120.13.74
Magdalen,Pacocha,(188) 562-6173 x42104,orange,Abdul.Feeney@gmail.com,160.116.51.147
Sheila,Lowe,610-574-2380 x7744,turquoise,Milton_Bednar86@yahoo.com,112.187.57.158
Emelia,Kunze,996-310-0403 x3306,blue,Deja58@yahoo.com,199.188.166.34
Ryleigh,Howe,(318) 828-7301,orchid,Rosa.Mills68@hotmail.com,17.222.204.145
Haskell,Thiel,1-402-881-2092 x7777,tan,Albertha_Langosh@hotmail.com,98.46.116.206
Guadalupe,White,(596) 570-0000,olive,Marilyne.Batz65@hotmail.com,194.133.74.223
Kristofer,Waelchi,1-933-110-8159,lime,Candace_Crist@hotmail.com,6.247.90.141
Tess,Gaylord,265-367-8321,silver,Guy84@hotmail.com,130.255.180.65
Krystal,Bradtke,651-313-2578,olive,Nico.Shanahan@gmail.com,197.187.229.165
Louie,Bode,1-464-304-3700,yellow,Blaise95@hotmail.com,120.225.93.1
Jayda,Schultz,1-546-290-8125,orange,Demarco_Reichert49@yahoo.com,146.112.174.58
Jade,Green,1-411-337-7097 x46311,magenta,Emmalee20@hotmail.com,230.237.158.148
Weston,Jerde,934-450-9611,orange,Joanny_Ratke@hotmail.com,209.47.183.210
Lysanne,Cruickshank,(740) 790-8361 x96165,azure,Lulu14@yahoo.com,169.215.234.196
Imogene,Fritsch,(443) 959-4454,purple,Joannie.Hessel81@yahoo.com,153.220.119.124
Daisy,Fadel,565.483.0978 x294,magenta,Cesar_Kozey67@hotmail.com,155.152.154.85
Larue,Gutkowski,947.106.9244 x656,purple,Marie.Kassulke9@hotmail.com,109.133.194.92
Ilene,Ankunding,834-992-9145,black,Clarabelle46@yahoo.com,132.143.20.61
Gonzalo,Goodwin,461.622.2597 x90146,salmon,Sebastian_Ziemann@yahoo.com,30.20.47.160
Quincy,Conroy,(126) 061-4260 x914,plum,Lenore.Howell93@gmail.com,9.140.62.224
Graham,Moore,551-466-2682,orange,Raven_Roberts85@yahoo.com,35.193.5.47
Rossie,Volkman,141-768-3759 x96325,red,Leta74@yahoo.com,70.180.202.135
Queenie,Adams,650.566.8546,violet,Adrien_Nader36@hotmail.com,93.193.41.104
Carley,Predovic,(133) 950-3727 x07310,orchid,Weldon_Moore71@yahoo.com,173.68.27.52
Pierce,Smith,559.125.4624 x59495,indigo,Gloria.Orn19@gmail.com,80.111.159.118
Alba,Dietrich,755.518.5494 x40555,grey,Alfredo70@hotmail.com,39.223.26.192
Vincenza,Hilpert,669-564-2655 x27313,lime,Doris.Heathcote@hotmail.com,200.125.145.22
Danyka,Powlowski,1-868-181-3528 x7791,gold,Gordon_Denesik32@yahoo.com,95.223.247.198
Junior,Hamill,555.111.7647,orange,Hailey_Keebler36@gmail.com,87.189.200.13
Carleton,Homenick,069-543-7234,black,Aracely_Larson@gmail.com,65.166.57.57
Jessyca,Fritsch,431.193.2977,lavender,Wellington_Hodkiewicz30@yahoo.com,171.101.254.243
Elias,Collins,566-695-3232 x61240,olive,Filiberto_Medhurst@hotmail.com,192.7.8.23
Juliana,Gaylord,(705) 961-5070 x95076,orange,Ephraim.Jaskolski@gmail.com,174.101.75.25
Clay,Ziemann,1-493-385-3874,indigo,Emile_Daugherty2@hotmail.com,41.177.72.192
Karlie,Rippin,714-998-9681 x5388,olive,Pamela2@hotmail.com,234.162.75.232
Elias,Zulauf,514-695-3487 x4305,lavender,Rey_Willms@gmail.com,181.219.216.68
Pearl,Hilpert,1-118-397-7287 x800,magenta,Angelica_White80@yahoo.com,241.191.171.56
Aubree,Gleichner,725-667-8269 x07030,turquoise,Rahsaan_Nolan88@yahoo.com,43.214.200.139
Cassidy,Bogisich,1-187-824-5430 x96015,violet,Adrain.Rowe@gmail.com,149.27.92.24
Kristian,Hauck,000-229-9789 x6439,salmon,Randal.Torphy67@hotmail.com,18.40.46.198
Kelvin,Barton,592-662-3853,tan,Beaulah_Watsica3@gmail.com,24.74.158.134
Aron,Schowalter,476-157-7196 x802,lime,Tremaine_Kuhic@hotmail.com,182.60.31.31
Icie,Green,300.015.5903,sky blue,Eula_Medhurst@gmail.com,159.73.244.69
Delphine,Stanton,907-216-2897 x541,silver,Chris93@yahoo.com,228.67.3.182
Marlin,Boehm,347-653-3289,olive,Berenice30@yahoo.com,150.128.252.89
Arthur,Bernhard,344-859-6444 x770,magenta,Camryn36@gmail.com,196.93.88.91
Isaac,Boehm,831-822-8357 x3280,indigo,Duncan_Conroy@yahoo.com,125.59.22.24
Antonietta,Lindgren,1-845-802-5176 x3142,violet,Richmond.Hoeger90@yahoo.com,241.128.24.52
Armando,Okuneva,1-563-414-6988 x518,grey,Rubie.Abbott59@hotmail.com,24.212.71.17
Elsie,Boyle,280-665-9849,plum,Nicole.Jaskolski@yahoo.com,208.112.30.252
Greg,Ritchie,251.575.1812 x6227,yellow,Dallin_Harber@hotmail.com,197.21.241.175
Demetris,Reilly,(055) 989-3539 x1439,magenta,Ahmed10@yahoo.com,13.165.112.197
Jimmie,Torp,1-029-044-9649 x46246,azure,Leonor34@gmail.com,240.200.108.7
Jess,Veum,877.447.8770 x8486,mint green,Matt.Shanahan@gmail.com,114.250.148.101
Jannie,Heller,513.341.7815,blue,Modesto36@yahoo.com,170.207.9.179
Nathanial,Hettinger,(480) 243-6771,tan,Reginald72@yahoo.com,187.133.53.119
Israel,Barton,843-468-5120 x7100,grey,Kelley.Littel41@yahoo.com,35.242.83.14
Camille,Donnelly,1-853-963-1783 x77148,lime,Quinton_Ritchie@gmail.com,205.162.68.176
Blaze,Hahn,084-471-8599 x556,silver,Graham.Lockman98@yahoo.com,71.141.165.7
King,Adams,964-543-8850 x2554,gold,Brice8@gmail.com,10.234.234.65
Ila,Schmidt,882.061.6279 x8121,orchid,Julianne77@hotmail.com,220.89.46.27
Abdul,Goldner,018-892-1706,teal,Vernie_Champlin18@hotmail.com,211.26.202.128
Aliya,Gaylord,897-408-0578,silver,Emanuel47@gmail.com,161.180.173.78
Opal,Borer,1-095-136-8008 x6702,tan,Lesly7@gmail.com,255.168.196.175
Brandt,Hauck,1-608-258-2452 x6434,olive,Maynard.Stracke@yahoo.com,82.114.57.249
Jackson,Kerluke,262.794.6642 x05223,green,Salvador.Stanton@yahoo.com,0.129.230.38
Heber,Brekke,356.565.6301 x46262,azure,Brad_Wintheiser70@gmail.com,109.136.176.237
Shaun,Parker,457-763-0169,plum,Edythe.Price@hotmail.com,73.180.48.198
Simeon,Fay,1-478-777-2383,mint green,Evie_Reichert79@gmail.com,143.219.212.125
Micaela,Herzog,752.683.6211,lime,Reanna38@yahoo.com,100.145.184.115
Marcus,Gulgowski,068-872-4938 x535,azure,Arlie_Effertz56@hotmail.com,11.105.247.209
Tate,Rodriguez,1-585-450-5131 x250,teal,Lulu63@hotmail.com,57.143.80.190
Marcelina,White,821.558.0499 x12195,ivory,Rebecca29@gmail.com,41.88.17.68
Jessica,McClure,1-148-443-6583 x410,gold,Louisa_Stroman@gmail.com,154.190.9.69
Arvilla,Mayert,992-918-0979,tan,Alexandrine_Williamson@yahoo.com,254.43.4.4
Robyn,Shields,850-371-9915 x49335,maroon,Kirsten_Rogahn@hotmail.com,219.70.193.234
Charles,Simonis,(274) 341-4046 x58449,pink,Garland.Streich@yahoo.com,4.103.231.84
Kayley,Raynor,952-685-8273,plum,Jeanie34@gmail.com,250.84.157.40
Stefanie,Legros,130-291-2397 x9194,lime,Madisen.Kunde@gmail.com,91.99.36.129
Pearline,Kohler,1-775-268-3942,fuchsia,Jaden_Williamson89@gmail.com,244.247.11.40
Carmella,Kub,1-530-807-7550,grey,Camron_Kihn@gmail.com,173.156.197.146
Kevon,Waters,766.793.9329 x6117,teal,Dino60@gmail.com,116.177.62.120
Gabrielle,Deckow,882.788.2381,fuchsia,Breanne45@hotmail.com,154.253.11.208
Angel,Bashirian,1-780-425-5467 x66351,lime,Hazel.Dickinson@gmail.com,180.85.32.254
Arnulfo,Reinger,(697) 707-9031 x9087,orchid,Armand.Senger57@gmail.com,162.227.154.82
Adolfo,Murphy,(068) 365-7148 x787,white,Bartholome66@hotmail.com,45.245.73.41
Friedrich,Wuckert,744.999.2892 x8881,orange,Cooper.Macejkovic9@hotmail.com,154.199.18.39
Schuyler,Oberbrunner,146-288-9868 x833,teal,Mariano8@yahoo.com,76.211.155.126
Thaddeus,Schamberger,900-533-6601,yellow,Stephen.Herman@hotmail.com,209.63.226.73
Lonny,Altenwerth,1-630-737-6688 x5543,orange,Jesse_Rolfson@yahoo.com,201.164.148.196
Gerhard,Bartoletti,875-873-0904,turquoise,Laverne_Bruen@hotmail.com,177.61.90.120
Vince,Oberbrunner,877-751-8126,sky blue,Nikki32@yahoo.com,207.168.81.44
Juwan,Stehr,304-544-6871 x399,black,Cullen_Klein@gmail.com,202.191.208.87
Mariam,Boyle,589.981.3659 x33098,lime,Fabian.Barrows82@hotmail.com,215.172.181.175
Trace,Gleichner,1-207-602-1650,orange,Morton_Bosco22@gmail.com,223.194.202.76
Elyse,Schmidt,1-223-989-0341 x3729,mint green,Otho.McCullough@gmail.com,17.213.21.129
Raegan,Mitchell,1-157-220-9937 x9766,ivory,Marcella25@hotmail.com,243.182.154.81
Mikayla,Barrows,1-257-279-2457 x796,olive,Vernice91@yahoo.com,156.132.85.68
Jaquelin,Stamm,(638) 775-2544 x9883,azure,Rylan.Jast58@gmail.com,60.172.147.85
Edwina,Luettgen,342-040-2939 x90049,violet,Sonny_Schoen59@gmail.com,98.88.37.162
Carmel,Collier,559.299.2888 x520,violet,Boyd.Yundt@gmail.com,178.125.226.74
Beth,Hermann,566.879.3282 x5954,orchid,Cleo48@gmail.com,80.29.115.45
Kelsie,Tillman,184-730-5971,fuchsia,Judge.Thiel@gmail.com,73.93.119.159
Tristian,Lemke,1-449-954-6286,orchid,Ernestina.Franecki85@hotmail.com,128.168.203.120
Faustino,Spencer,114.074.5490,tan,Alexanne.Koepp@gmail.com,172.245.194.146
Jacinthe,Trantow,1-528-554-7500 x6120,silver,Kelton15@yahoo.com,6.131.142.194
Amos,Dicki,(447) 485-7664 x266,plum,Green81@yahoo.com,106.105.14.199
Alfreda,Ward,(162) 558-6929 x135,tan,Tillman_Dickens@hotmail.com,0.91.18.142
Ayden,O'Reilly,(043) 155-7784 x0208,silver,Juanita.Will@hotmail.com,220.220.229.179
Brandt,Hackett,900.136.4754,lavender,Mable.Kihn16@hotmail.com,68.103.110.95
Kristian,Koch,629-029-4430 x21233,indigo,Ladarius24@yahoo.com,208.149.38.198
Mozelle,Rohan,110.348.0086 x04973,yellow,Guillermo_Schoen@gmail.com,82.84.112.40
Litzy,Blick,410.914.8109,fuchsia,Verda.Effertz2@hotmail.com,209.157.123.81
Rey,Schumm,588.180.7923 x45617,magenta,Ransom20@hotmail.com,236.87.49.162
Fermin,Bednar,(131) 363-6192 x61551,teal,Reilly.Koch@gmail.com,167.183.217.12
Clare,Waters,699-103-2314,plum,Clarissa18@hotmail.com,140.249.225.186
Zackary,Effertz,1-780-643-9390,magenta,Gunnar21@yahoo.com,115.76.115.137
Elissa,Muller,865.995.2976,pink,Bennett33@hotmail.com,19.227.244.233
Davon,Trantow,1-744-678-3702 x2795,cyan,Herbert_Monahan@hotmail.com,48.85.109.163
Adrain,Fadel,094.935.1830,blue,Ottis.Stark@yahoo.com,183.218.255.177
Karl,Gaylord,317-686-5999 x3164,sky blue,Lonie82@hotmail.com,12.152.212.114
Brett,Huels,855-299-3217,indigo,Oren47@yahoo.com,149.14.124.24
Elna,VonRueden,713.410.9125,red,Maude79@hotmail.com,48.154.161.5
Andreanne,Mraz,(394) 510-9722 x72821,azure,Maureen.Johnson@hotmail.com,239.199.115.90
Zackery,Wolff,799.823.5223 x7729,olive,Nikolas_Kassulke32@hotmail.com,163.180.171.48
Etha,Kihn,(097) 426-5180,pink,Meta.Farrell82@yahoo.com,147.22.12.172
Lorena,Stroman,1-317-939-7027,fuchsia,Angela.Stroman49@hotmail.com,206.236.194.215
Rodolfo,Maggio,1-561-674-8761,teal,Rodger_Raynor@gmail.com,49.106.107.149
Eloise,Kessler,(520) 010-7871 x51633,mint green,Margarett.Harber@hotmail.com,28.102.166.98
Cortez,Schultz,356-323-1001 x461,indigo,Charity43@gmail.com,198.92.111.54
Jess,Hilpert,(129) 537-6888 x4332,orange,Jules.Streich60@hotmail.com,106.68.50.95
Elouise,Leuschke,157-455-6387 x0675,cyan,Clare_Gaylord52@gmail.com,165.69.160.22
Jerad,Dickinson,837-465-7131 x676,blue,Stephania.Walsh18@yahoo.com,164.246.33.106
Shane,Schiller,850.604.4317 x24583,cyan,Charlie.Schoen@yahoo.com,43.123.140.198
Johan,Nitzsche,952.071.1247 x99230,magenta,Hortense_Stoltenberg@yahoo.com,184.163.191.138
Elian,McGlynn,343-313-3138,indigo,Juana.Schowalter23@hotmail.com,48.0.124.222
Trudie,Rohan,(955) 119-5878 x947,tan,Freeman75@gmail.com,7.191.49.117
Aaliyah,Kunze,(571) 010-5478 x5858,black,Stan30@gmail.com,55.82.216.220
Bart,Welch,(998) 610-8809 x30916,magenta,Eloise34@yahoo.com,93.53.191.248
Melvin,D'Amore,380-519-7966 x914,cyan,Macie.Heller@hotmail.com,203.85.205.23
Lulu,Roob,1-245-091-4653,plum,Pinkie2@hotmail.com,194.20.208.61
Johan,Upton,091-657-5062 x5876,plum,Miguel.Gulgowski@hotmail.com,32.216.171.35
Sigrid,Torp,909.810.8468 x17607,mint green,Leonardo_Raynor70@yahoo.com,229.6.154.95
Name,Schuster,1-625-847-3680 x8791,violet,Kristian89@yahoo.com,10.110.189.126
Alison,Grady,053-405-6916 x8118,lavender,Rashawn.Wehner@yahoo.com,116.68.121.252
Myra,Grimes,217.144.2918 x99563,plum,Thomas_Deckow14@hotmail.com,47.180.150.22
Theodora,Walker,408-391-5495,plum,Solon_Gislason@hotmail.com,5.177.108.139
Mateo,Becker,(222) 353-9235 x14130,magenta,Andrew.Runolfsson@hotmail.com,115.182.47.152
Malvina,Deckow,079.565.5624 x353,green,Forrest.Parker28@gmail.com,79.139.222.16
Judah,Kling,(009) 574-2971 x79445,fuchsia,Jodie_Ryan@gmail.com,35.59.66.53
German,Smitham,(281) 077-7104 x573,lavender,Kamille8@yahoo.com,0.21.98.199
Adrien,Swaniawski,1-686-543-1091 x1799,mint green,Marlene_Macejkovic79@yahoo.com,183.230.115.161
Kaia,Klocko,(533) 086-4185 x813,black,Flo97@gmail.com,101.182.91.214
Wilber,Wuckert,436-172-6533 x7074,olive,Santos.Bode8@yahoo.com,44.118.67.87
Mckenzie,Jacobs,797.181.6002 x80842,yellow,Josue35@yahoo.com,224.225.213.198
Aliyah,Ullrich,(975) 394-9441,indigo,Bud56@hotmail.com,59.92.51.179
Jalen,Smitham,(285) 615-9123,mint green,Brionna_Hamill76@yahoo.com,89.179.90.137
Oswaldo,Schuppe,(311) 441-3141,turquoise,Sarai.Botsford@hotmail.com,51.42.54.129
Cristopher,Dare,250-510-4025,magenta,Alexie.Jacobson29@yahoo.com,71.34.194.204
Katherine,Brekke,(594) 859-2497,cyan,Marilou.Mayert88@yahoo.com,32.217.16.40
Willis,Tromp,022-466-1979,teal,Clark_Senger@yahoo.com,19.190.11.217
Darrin,Marquardt,905-707-4762 x8318,salmon,Yasmin0@hotmail.com,13.56.121.9
Nelson,Russel,(278) 242-6792,gold,Bobbie_Wiza77@gmail.com,53.93.39.20
Keshaun,Pollich,913.656.9457 x04994,lavender,Lorenzo_OHara@yahoo.com,220.74.226.10
Cathy,Bosco,(877) 810-0093 x5786,purple,Antonetta.Pacocha57@hotmail.com,149.88.229.115
Jon,Brekke,(936) 457-2440 x62400,green,Sasha80@yahoo.com,232.156.186.182
Junior,Stanton,(046) 465-2129 x00762,black,Kira.Schiller@hotmail.com,158.83.159.144
Camron,Will,(628) 406-6646 x323,olive,Madie85@gmail.com,58.219.39.72
Anita,Jakubowski,(417) 453-2215 x406,blue,Hettie_Koch@gmail.com,179.160.20.43
Neha,Hyatt,1-888-029-6067 x3377,gold,Frankie40@hotmail.com,11.161.182.9
Naomie,Hessel,1-726-472-8504 x2574,azure,Amina.Harvey77@gmail.com,253.246.25.34
Giles,McKenzie,(697) 729-7110 x9222,cyan,Libby.Nicolas52@yahoo.com,40.177.39.35
Reyes,Fritsch,747.903.3414,black,Arvid23@hotmail.com,98.58.251.190
Erling,Schmeler,1-731-289-5495 x461,mint green,Kiera_MacGyver@gmail.com,189.143.60.17
Curt,Feest,055.189.7018 x076,teal,Claude83@gmail.com,228.95.240.177
Jeffrey,Hilpert,696.302.7977 x047,indigo,Ernestine36@hotmail.com,209.49.92.91
Gudrun,Labadie,766.682.3945 x90713,orange,Seamus_Wilderman@gmail.com,176.187.42.50
Kathryne,Bartoletti,1-248-178-5649 x51572,pink,Macy_Hegmann@hotmail.com,182.170.222.166
Roma,Ebert,1-165-007-6559 x015,lavender,Lilian47@yahoo.com,162.14.93.71
Celestine,Collier,(117) 367-7233,lime,Felix_Schiller77@gmail.com,233.205.182.35
Joshuah,Bruen,900.366.3120 x123,yellow,Rhea_Keeling71@yahoo.com,176.224.155.185
Rachelle,Daugherty,403-561-3054,orange,Sadie11@hotmail.com,222.91.131.229
Yvonne,Goyette,(424) 156-9648 x7983,lime,Myriam_Abbott43@gmail.com,89.127.119.187
Llewellyn,Kiehn,(979) 310-3364 x837,silver,Justus63@yahoo.com,206.74.192.240
Brando,Ratke,985.543.7703 x3981,grey,Sarina_Turcotte@yahoo.com,21.55.204.211
Justice,Ondricka,092.110.8575,black,Modesto_Wolff@gmail.com,17.48.8.187
Dayton,Lakin,(367) 984-0958,black,Darrell45@hotmail.com,222.139.134.75
Keara,Schmitt,906.990.9993,turquoise,Karlie_Kassulke@yahoo.com,122.101.170.248
Reyes,Weimann,440.604.6129 x31675,turquoise,Lorenza_Gusikowski@yahoo.com,251.46.123.221
Mara,Fisher,324-694-4172 x96161,lavender,Madelyn.Metz@yahoo.com,218.184.48.98
Roslyn,Heaney,794-957-2563 x77456,yellow,Savannah.Morar61@yahoo.com,183.187.255.72
Florian,Gerhold,(789) 658-9480 x9346,indigo,Prince61@hotmail.com,125.184.181.142
Janie,Emard,312.225.9477 x315,sky blue,Bettye.Wiza60@yahoo.com,114.180.93.217
Robert,Crona,223-407-6843,violet,Raheem10@gmail.com,155.209.230.208
Marvin,Orn,(495) 416-5903,magenta,Edgar12@yahoo.com,248.33.246.87
Alanis,Hauck,410.442.4875 x39277,green,Carson_Mante30@hotmail.com,223.189.35.247
Korbin,Heller,360.749.9823 x195,grey,Litzy92@gmail.com,93.123.231.243
Maybelle,Howell,(952) 933-9142 x38721,magenta,Alison_Dach@yahoo.com,50.14.198.143
Jana,Hartmann,238-066-6853 x68002,yellow,Jimmie.Jakubowski69@gmail.com,99.250.66.57
Blake,Haley,1-588-232-7182 x12644,yellow,Jordan.Will34@yahoo.com,48.192.54.105
Carolyn,Leffler,312.635.9746,olive,Madeline_Roberts@yahoo.com,9.175.67.38
Fernando,Nicolas,(899) 956-3252,lime,Abagail_Harris65@yahoo.com,186.49.22.40
Chaya,Howe,(964) 771-4930,indigo,Alvah.Sipes42@yahoo.com,204.59.74.150
Onie,Hand,(967) 481-4353 x21245,tan,Albert74@yahoo.com,125.60.235.75
Bailey,Stehr,478.445.8363,purple,Erich_Volkman@yahoo.com,142.24.224.223
Gavin,McCullough,214-310-4113 x875,ivory,Magali90@hotmail.com,69.24.220.153
Consuelo,Kilback,129-624-8798 x8357,blue,Alvah.Adams27@gmail.com,0.53.125.104
Monte,Davis,1-602-066-7006 x32667,magenta,Roscoe92@gmail.com,86.220.247.132
Concepcion,Wilderman,(168) 369-8674,lime,Emmitt_Borer@gmail.com,45.16.211.82
Amya,Effertz,1-434-599-0269,yellow,Lisandro72@gmail.com,2.72.178.192
Bart,Hoeger,127.913.2769 x45073,tan,Kathryne35@gmail.com,241.227.161.128
Jamar,Berge,846-256-9382 x0978,plum,Nola46@gmail.com,57.35.9.64
Kendall,Ondricka,(156) 983-2148 x896,turquoise,Zena.Champlin@gmail.com,94.98.148.144
Jermey,Fay,696-844-3797,green,Aileen82@hotmail.com,43.44.227.52
Aylin,Zboncak,440-143-6746 x0501,black,Isaiah_Satterfield@gmail.com,253.96.171.128
Nannie,Johnston,(603) 215-6689 x96490,fuchsia,Jonatan_Franecki66@hotmail.com,103.155.95.253
Rachael,Bergstrom,(790) 773-4985 x565,fuchsia,Kris_Hegmann21@yahoo.com,14.155.242.127
Myrtle,Leannon,1-114-787-9354,gold,Keyshawn.Leannon@hotmail.com,255.171.22.156
Madisen,Thiel,1-001-807-6799 x870,orchid,Monserrat.Reichert89@yahoo.com,255.41.174.137
Magdalena,Johnston,1-894-513-1149 x93010,plum,Elian.Nitzsche48@yahoo.com,41.122.94.87
Edythe,Runte,1-100-210-8508,magenta,Kara35@gmail.com,113.209.202.255
Bartholome,Kirlin,452-059-3385 x537,tan,Blaze.Stroman@gmail.com,144.37.21.255
Max,Hammes,822.166.8389,azure,Willard.Feest26@gmail.com,99.100.220.113
Shayne,Brakus,407-774-3641 x626,olive,Hadley6@gmail.com,214.138.140.7
Nathan,Bins,1-818-878-4771 x8964,orchid,Brielle.Runte@yahoo.com,116.186.96.239
Lukas,Rippin,555-365-4117 x27422,fuchsia,Kenny_Cormier55@yahoo.com,250.162.24.233
Hilda,Konopelski,(937) 684-4768,purple,Vivienne32@yahoo.com,14.82.74.149
Juston,Erdman,775.315.9569,red,Hallie_Gorczany@yahoo.com,187.23.10.108
Llewellyn,Mraz,1-584-080-4228 x82330,black,Claud33@yahoo.com,15.65.47.152
Gianni,Buckridge,(382) 597-1510 x475,plum,Darrel.McCullough23@gmail.com,10.162.136.106
Fanny,Kessler,990.033.6775 x53147,lavender,Dayna_Paucek@yahoo.com,220.78.46.16
Deborah,Blanda,732.750.0415 x1305,sky blue,Ervin_Lowe35@yahoo.com,232.217.148.187
Philip,Heidenreich,394.106.9396 x4197,tan,Lillie73@gmail.com,69.183.81.162
Mitchel,Ferry,569.641.0883,lavender,Donald75@gmail.com,228.118.19.80
Franz,Bruen,236.646.4194 x8973,orange,Katlyn.Rempel@hotmail.com,89.107.184.11
Viviane,Lesch,1-647-527-4629 x300,cyan,Napoleon24@yahoo.com,165.241.52.16
Craig,Fahey,950.514.2827 x838,orange,London87@hotmail.com,64.141.31.220
Lyda,Crona,1-248-949-7055 x81452,lavender,Jerrod_Hauck57@gmail.com,85.193.125.167
Nyah,Quigley,1-902-081-7532 x657,blue,Vickie.Botsford80@gmail.com,180.2.250.146
Llewellyn,Hodkiewicz,1-560-822-7252,pink,Keara92@gmail.com,141.121.148.129
Oceane,Sporer,(371) 710-7929 x1986,orchid,Patience3@yahoo.com,109.11.243.62
Lizzie,Heathcote,(033) 390-4436 x2845,mint green,Corrine_Hoeger@hotmail.com,108.69.48.188
Bert,Dach,442-287-6415,lime,Neha.Runte@hotmail.com,4.188.36.125
Tracey,Lebsack,942.604.3571,fuchsia,Mya_Bergstrom0@hotmail.com,168.164.148.224
Adriel,Wiegand,1-961-443-2872,maroon,Nolan42@gmail.com,23.12.161.205
Stephania,Raynor,1-786-482-2342,maroon,Charlotte.Weimann17@hotmail.com,79.246.72.235
Modesto,Schultz,226.801.1703 x56463,yellow,Mayra80@hotmail.com,129.23.41.243
Opal,Dickens,579.235.7931,orange,Don90@gmail.com,2.26.185.113
Elmo,Daugherty,692-601-5596,teal,Brain_Kohler@yahoo.com,51.227.12.13
Domenica,Witting,413.828.5116 x28189,silver,Braden_Barton@hotmail.com,30.215.117.161
Jackson,Pfannerstill,(641) 502-3876 x87343,violet,Telly97@gmail.com,3.187.240.176
Nicholaus,Fahey,1-049-826-6833 x507,olive,Louie.Mitchell95@yahoo.com,72.114.198.242
Bud,Wehner,1-305-585-2280,olive,Ari_Nikolaus74@hotmail.com,119.172.153.163
Rossie,Dickinson,426-157-5594 x28600,lime,Brock_Lindgren96@hotmail.com,88.41.219.30
Keshaun,Yundt,716.839.2346,azure,Liza_Kozey9@gmail.com,243.74.82.236
Burnice,Reichert,158-061-2393 x97527,black,Schuyler74@hotmail.com,195.174.160.222
Carlo,MacGyver,(096) 989-8149 x59971,lime,Zachary_Hoppe66@yahoo.com,68.26.35.242
Beulah,Schowalter,1-179-267-3481 x945,purple,Eric.Abbott97@gmail.com,160.72.20.219
Tyrell,Schaefer,1-942-701-5369 x40213,lime,Dante21@hotmail.com,90.61.200.231
Dante,Harris,1-341-591-3026,blue,Ada.Cassin@yahoo.com,14.152.12.14
Zena,O'Connell,1-485-446-5894 x17830,black,Jackson.Krajcik35@gmail.com,41.117.55.39
Vivienne,Hodkiewicz,891-319-1877 x8996,purple,Sigurd_Kassulke@yahoo.com,18.218.178.138
Morton,Hegmann,(536) 388-4135 x60322,magenta,Margarette_Macejkovic85@hotmail.com,74.200.158.5
Roberto,Gislason,1-985-074-6799 x2019,olive,Sarai_Moore86@yahoo.com,170.134.101.246
Alexander,Hamill,090.917.6118,maroon,Nils.Pouros11@gmail.com,25.222.70.161
Colleen,Wolf,(541) 450-1903 x619,olive,Elda_Hoeger@yahoo.com,8.41.179.167
Crystel,Jakubowski,1-676-249-4645,blue,Sallie_Doyle20@yahoo.com,47.247.238.198
Jaylin,Powlowski,775.895.5124 x4896,white,Kadin_Grady66@yahoo.com,9.38.41.86
Dolores,Herzog,1-613-695-6425,cyan,Keanu6@yahoo.com,55.155.24.190
Shaniya,Feest,1-625-149-6681,olive,Hector.Price87@gmail.com,190.198.172.64
Dave,Langworth,(646) 414-2725 x5693,olive,Newton6@hotmail.com,26.147.239.48
Zoie,Crooks,1-256-095-2713,turquoise,Nasir35@gmail.com,64.253.171.15
Lamar,Gislason,009-384-3926 x467,olive,Trevor8@gmail.com,137.51.210.42
Gillian,Lemke,1-024-802-1235 x694,white,Jacynthe48@gmail.com,199.226.27.28
Johnny,Fisher,(176) 111-2704 x8538,red,Theo_Keeling@yahoo.com,51.35.230.17
Kameron,Hayes,736-380-3801 x014,ivory,Velva_Jones@yahoo.com,145.84.19.76
Camilla,Bode,(037) 562-1192 x6533,silver,Bianka.Jakubowski85@yahoo.com,140.110.77.123
Maritza,Cruickshank,546-307-9140 x446,azure,Cloyd_Christiansen@hotmail.com,9.121.236.208
Letitia,Thiel,1-917-564-3863 x4557,white,Tyrese_Cartwright@gmail.com,192.0.203.119
Brennon,Haag,1-018-659-7531,turquoise,Merlin.Leuschke4@gmail.com,137.18.114.42
Katelynn,Grimes,(548) 731-3534 x667,turquoise,Jordi_Metz19@gmail.com,248.8.65.233
Deron,McLaughlin,1-974-342-2903 x5770,orange,Dannie14@yahoo.com,38.97.20.89
Gabrielle,Willms,1-387-124-1158,orange,Betsy_Marvin@gmail.com,11.138.38.47
Ray,Hahn,1-201-706-8424 x115,orange,Meta.Walker92@gmail.com,157.202.160.223
Shayne,Bernier,(566) 204-5169,salmon,Guido.Funk31@gmail.com,162.93.24.190
Josianne,Towne,062.397.7188 x4172,gold,Antoinette38@hotmail.com,42.26.252.193
Viola,Senger,1-639-456-7286 x046,olive,Arthur59@yahoo.com,13.216.61.40
Quentin,Ferry,401.376.2794 x388,plum,Christa67@gmail.com,113.205.22.32
Karson,Wuckert,1-658-392-9491 x7367,white,Ubaldo58@yahoo.com,174.160.246.202
Salvatore,Hahn,1-435-820-0957 x014,teal,Maeve.Braun@hotmail.com,37.182.19.176
Darrion,Sanford,141.372.1767 x38332,indigo,Herminio33@hotmail.com,111.213.235.12
Felicita,Cummerata,814.757.4939 x502,lime,Angela_Willms90@hotmail.com,154.42.197.174
Harrison,Cummings,387.776.5660 x7630,tan,Darrell.Hauck86@yahoo.com,70.63.173.198
Vivian,Grant,1-976-877-3598 x27742,sky blue,Kyleigh_Huel47@yahoo.com,2.72.184.164
Lamont,Satterfield,1-584-868-7492 x58247,turquoise,Mose.Eichmann29@hotmail.com,211.123.81.34
Hal,Ward,1-019-019-3380 x965,indigo,Cristian_Wilkinson94@gmail.com,233.121.146.250
Gwendolyn,Boyer,1-425-858-5314 x55145,orange,Ashlee_Kassulke@yahoo.com,251.104.220.199
Cole,Hoppe,972.890.8428,olive,Rollin_Schoen34@yahoo.com,224.219.192.240
Amara,Howell,308-129-7682 x8483,silver,Nora_Ondricka@hotmail.com,2.194.197.20
Brielle,Feil,1-077-343-8179,black,Geovanny58@gmail.com,180.33.249.43
Arielle,Grady,076-863-2736,yellow,Warren.Eichmann@yahoo.com,6.176.103.81
Alison,Rosenbaum,(134) 045-0548,orange,Zena78@gmail.com,115.245.255.25
Joelle,Metz,(407) 074-3407 x09389,lime,Curt19@gmail.com,184.108.109.128
Pierce,Ratke,1-200-240-2596 x67686,yellow,Hobart_Deckow45@hotmail.com,187.56.91.164
Elinor,Champlin,213-909-7943,salmon,Veronica.Durgan@hotmail.com,96.203.237.160
Micaela,Reilly,(154) 393-7690 x604,blue,Deontae59@gmail.com,100.225.13.126
Ima,Jakubowski,616-870-5379,ivory,Shanon_Strosin66@gmail.com,21.170.59.53
Harrison,Dooley,1-679-539-0187,plum,Gregg_Beier@gmail.com,193.114.109.212
Elian,Marks,1-627-160-2244 x221,yellow,Toney.Feest@yahoo.com,27.204.192.70
Agustin,Huel,(119) 341-6274,white,Evie.Rogahn64@gmail.com,105.165.131.75
Jayne,Adams,365-604-5695 x883,azure,Ismael12@gmail.com,103.217.221.221
Price,Braun,(904) 145-0374 x896,plum,Olaf.OKeefe@yahoo.com,74.187.15.149
Vincent,Murphy,389-507-8931 x80961,maroon,Stephania9@yahoo.com,92.133.197.85
Camryn,Jerde,064-885-1139,fuchsia,Jermey.Leuschke@yahoo.com,80.223.217.44
Agnes,Von,1-119-589-3701,pink,Jamison_Larkin@hotmail.com,196.88.11.136
Sophie,Williamson,037.188.0377 x370,ivory,Lamont_Schimmel38@gmail.com,90.164.62.189
Alisha,Bergstrom,630-591-4124,sky blue,Myrtice74@hotmail.com,187.191.14.80
Carlee,Strosin,(420) 597-4705 x356,tan,Marilou89@hotmail.com,42.103.213.182
Jaqueline,Schaden,260.196.3202 x9436,plum,Isaiah_Howe@yahoo.com,119.97.204.156
Kaylin,Lockman,948-889-3733,turquoise,Payton83@gmail.com,131.174.211.244
Rusty,Dach,(127) 556-1959,teal,Ena_Kunze59@yahoo.com,170.128.190.225
Jon,Hessel,443-392-7300,lime,Neoma_Doyle@hotmail.com,47.150.134.189
Allene,Ward,1-872-086-4459 x636,lime,Monserrat.Medhurst72@hotmail.com,213.128.50.254
Markus,O'Kon,798.437.0460,purple,Jessica.Purdy@gmail.com,227.197.38.15
Saul,Zemlak,602.165.5014,tan,Eulalia_McCullough80@yahoo.com,26.224.79.131
Rhiannon,Thiel,408-615-5430 x2208,orange,Austin86@hotmail.com,222.138.140.74
Audie,Runte,(608) 721-1087,blue,Aglae_Buckridge@gmail.com,216.74.23.65
Larue,Kiehn,574-143-7643,magenta,Lauren32@hotmail.com,215.140.19.223
Rhoda,Hackett,930.901.9705 x3310,orange,Augustus_Zboncak@yahoo.com,10.197.44.4
Carroll,Kutch,486.751.0793 x1899,red,Brett.Medhurst29@gmail.com,24.101.174.169
River,Watsica,755.462.8803 x529,purple,Cameron88@hotmail.com,7.147.162.199
Sheila,Okuneva,(379) 016-4958 x34067,olive,Leila.Weimann19@gmail.com,173.236.195.140
Mario,Rolfson,034-561-6621,red,Quinton_Stamm84@gmail.com,87.203.57.169
Joanie,Collins,906.466.0723 x8808,grey,Diana80@hotmail.com,237.15.173.161
Prince,Macejkovic,612.393.5629,turquoise,Victor_Abernathy@yahoo.com,135.240.69.68
Wilmer,Boyer,240-250-7459 x21567,fuchsia,Mazie0@hotmail.com,62.68.91.134
Nasir,Wilkinson,(434) 566-2607 x19659,azure,Arno.Jerde@yahoo.com,194.180.43.232
Luciano,Schmeler,(272) 839-5174,red,Ludie_Steuber1@yahoo.com,224.24.141.38
Carlos,Russel,(024) 294-7006 x831,red,Jazmyn_Wunsch@yahoo.com,12.247.190.253
Adella,Jaskolski,1-009-282-8062 x0021,cyan,Zella_Schmeler@yahoo.com,149.225.72.135
Jett,Rippin,229-850-3969 x6530,plum,Gertrude44@yahoo.com,96.21.190.184
Terrence,Rosenbaum,1-227-453-9590 x61068,grey,Cecilia21@hotmail.com,142.35.60.78
Constantin,Prosacco,1-710-964-8130 x36529,tan,Tyra75@hotmail.com,18.137.19.34
Jerome,Wunsch,674-957-0474 x236,violet,Verner_Ernser@hotmail.com,151.152.51.198
Arvel,Gusikowski,211-903-1064 x94968,sky blue,Sofia_Green@gmail.com,72.168.204.57
Efrain,Steuber,(722) 124-1132 x4009,lime,Alford33@hotmail.com,1.166.207.54
Viola,Mertz,628.054.3979,purple,Lola90@gmail.com,130.190.2.159
Kamron,Wintheiser,201-835-2336,ivory,Muhammad22@hotmail.com,62.248.62.227
Isabel,O'Reilly,226-052-1427,mint green,Maria15@hotmail.com,64.43.65.212
Jaren,Hettinger,757.708.6354,ivory,Jayme_Runolfsdottir@hotmail.com,57.54.84.243
Joany,Schumm,368.813.7090 x46305,black,Orpha.Trantow79@hotmail.com,128.146.116.98
Cristopher,Upton,(014) 897-0247 x384,olive,Eugenia_Hegmann31@hotmail.com,112.214.188.141
Tamara,Dibbert,(245) 604-6937 x2428,lavender,Pearl37@gmail.com,249.98.143.231
Ralph,Ferry,555.617.6356,cyan,Ethelyn_Corwin7@gmail.com,153.146.146.127
Treva,Heathcote,(888) 041-6787 x06782,violet,Raquel.Grady@yahoo.com,229.138.17.12
Audreanne,Herzog,065.302.7723 x905,black,Ethyl.DAmore52@yahoo.com,104.161.193.21
Kris,Wuckert,115.403.4767 x9526,azure,Lucienne8@gmail.com,196.1.8.150
Madyson,Fadel,948-434-9951,orchid,Verla3@hotmail.com,6.134.86.88
Alena,Farrell,(283) 207-4302,indigo,Wilton.Daugherty@hotmail.com,7.76.162.180
Karl,Hoeger,(160) 585-0174 x9368,sky blue,Daisy_Strosin82@yahoo.com,207.99.128.231
Kurt,Bechtelar,1-483-766-0469,silver,Colten.Metz@gmail.com,122.175.200.153
Maye,Rodriguez,(112) 690-0807 x69988,purple,Name91@yahoo.com,85.140.63.226
Prince,Rogahn,611.977.9244,azure,Salvador96@gmail.com,113.18.168.18
Frankie,Tillman,(208) 625-9876 x221,salmon,Leonel_Reynolds64@hotmail.com,200.181.209.157
Cortez,Kemmer,443.712.7413 x033,salmon,Jerel.Berge@gmail.com,204.252.44.131
Adrienne,Glover,(085) 759-4056 x8110,ivory,Marcia.Hayes@yahoo.com,60.44.17.23
River,Dibbert,1-432-771-7194 x81908,mint green,Estella.McGlynn@gmail.com,96.173.107.161
Jamaal,Mueller,428-065-1784 x514,plum,Ebba87@gmail.com,175.35.177.35
Eloy,Bednar,1-626-038-1748 x14431,red,Helmer_Roberts6@hotmail.com,38.115.205.103
Arlo,Casper,672-752-1531 x01087,mint green,Ericka_Lockman@gmail.com,34.204.79.98
Bernie,Hauck,502.797.8596 x4965,lavender,Madelynn32@hotmail.com,140.77.0.49
Scarlett,Ankunding,(519) 169-3325 x962,fuchsia,Oscar.Spencer38@gmail.com,4.14.102.103
Jeramie,Auer,1-408-861-6670 x61552,lime,Fleta98@gmail.com,236.151.255.205
River,Rippin,(410) 154-3631 x23328,maroon,Kristian.Deckow31@hotmail.com,111.108.158.149
Cornelius,Nicolas,(517) 373-7032 x499,purple,Kelli_Lynch@gmail.com,5.220.173.128
Petra,Larkin,775-337-3746 x9359,cyan,Ruth64@hotmail.com,247.52.207.192
Shanel,Bednar,(406) 033-2814,orchid,Ettie.Nolan84@yahoo.com,153.215.198.146
Alisa,Aufderhar,255-222-3672 x03625,plum,Major.Crooks@gmail.com,186.184.237.98
Edwina,Nienow,(627) 902-8254,red,Brianne.Abernathy@hotmail.com,31.232.252.28
Norbert,Armstrong,(293) 247-6068 x1865,olive,Abdul_Corkery98@yahoo.com,46.116.251.193
Lauren,Bernier,1-779-912-3136 x94474,silver,Edwin.Bechtelar@gmail.com,220.189.143.59
Verla,Gutkowski,932-567-8764,olive,Jude_VonRueden@hotmail.com,92.86.224.176
Adrain,Sanford,1-395-511-8011,ivory,Pete.Von@hotmail.com,179.159.15.1
Caleb,Crist,(024) 036-5139 x494,plum,Jace_Wolff71@yahoo.com,169.65.225.6
Felicia,Watsica,1-552-897-7538 x9801,ivory,Mae29@gmail.com,149.57.160.129
Amie,Howell,864.899.3859,pink,Luciano64@yahoo.com,26.241.66.47
Melvina,Pouros,1-367-342-4590,yellow,Jaqueline_Stokes@gmail.com,45.197.254.161
Eudora,Raynor,027.522.9555,pink,Clemmie_Stamm@gmail.com,62.221.182.90
Delfina,Block,1-329-894-8782,yellow,Trevion.Wintheiser32@hotmail.com,81.228.1.242
Bradford,Hettinger,(813) 843-3001 x86172,teal,Crystel.Mraz@gmail.com,194.15.101.131
Braxton,Kris,874-038-7627 x12091,tan,Laury_Nader64@gmail.com,104.222.203.58
Catalina,Altenwerth,196.134.1755 x6745,pink,Creola5@gmail.com,171.235.124.44
Levi,Hirthe,1-478-940-9918 x892,pink,Cordie_Kessler@hotmail.com,3.89.189.91
Filiberto,Welch,996-308-0369,olive,Cecilia_Becker60@yahoo.com,193.166.185.23
Ramon,O'Kon,061-677-2566 x649,fuchsia,Linda.Kemmer@yahoo.com,188.132.78.39
Jayne,Monahan,(310) 760-8051 x687,magenta,Lazaro_Schamberger81@yahoo.com,114.135.233.244
Chaya,Schaefer,185-157-1665,salmon,Pat22@gmail.com,132.169.146.186
Moshe,Leffler,1-034-579-5862,azure,Clair38@yahoo.com,205.53.172.23
Josiane,Hamill,(007) 905-2407 x852,grey,Tod_Stoltenberg72@yahoo.com,112.78.84.59
Kevon,Kuhlman,1-233-832-8932,plum,Floyd55@yahoo.com,4.26.131.53
Janessa,Sanford,(814) 830-9499 x22610,teal,Jan51@gmail.com,100.104.252.73
Jairo,Ritchie,847-302-4932,teal,Garrett18@gmail.com,236.232.118.122
Tierra,Crooks,(988) 664-0161 x970,lime,Leatha_Von28@hotmail.com,91.205.27.220
Danny,Gutmann,394-129-4134 x21111,indigo,Hallie_Brown@gmail.com,234.233.201.178
Kavon,Miller,602.919.0951,red,Julianne_Zulauf@gmail.com,44.10.250.240
Amani,Streich,532-295-8685 x77865,fuchsia,Eugenia_Roberts48@hotmail.com,132.11.93.2
Zack,Kunze,1-531-158-0344,violet,Mason.Ruecker@yahoo.com,81.39.183.150
Janice,Cartwright,(406) 956-1014,violet,Berniece_Jerde59@yahoo.com,209.236.63.228
Jacinto,Beatty,1-518-648-7310,tan,Elisabeth.Swift@hotmail.com,128.84.209.247
Demario,Paucek,(484) 065-7041 x53440,gold,Florian.Stanton@hotmail.com,200.159.231.133
Hillary,Torp,267.293.5225 x059,gold,Magdalen_Raynor58@hotmail.com,57.61.100.55
Janie,Mante,(106) 042-7296,maroon,Taryn_Satterfield51@yahoo.com,137.99.115.52
Martin,Hoeger,557.002.0941 x0511,fuchsia,Brain_Pagac@yahoo.com,253.109.137.69
Kendrick,Cummings,228-827-7151 x7208,fuchsia,Saul90@hotmail.com,125.58.61.77
Rossie,Brakus,741.779.3120 x69572,blue,Birdie27@yahoo.com,123.46.94.155
Helga,Weber,796-436-6467 x561,green,Vivianne_Goodwin87@hotmail.com,209.222.143.110
Una,Parker,(559) 741-5291,turquoise,Emmalee_Paucek@yahoo.com,38.24.3.87
Loraine,Leuschke,095.706.4583,blue,Natalie14@gmail.com,185.75.255.139
Moshe,Monahan,(333) 301-8894,maroon,Uriah_Konopelski@gmail.com,216.95.16.217
Matteo,Beier,641-447-8127,cyan,Kathlyn.Schulist@yahoo.com,124.142.57.62
Norris,Lindgren,1-943-442-0583,green,Tomasa_Stroman29@hotmail.com,1.8.192.224
Nico,Batz,(032) 752-4299 x982,teal,Makayla80@hotmail.com,133.44.36.27
Cordell,Dickinson,337.877.6203,yellow,Lonzo65@hotmail.com,109.118.198.103
Alfred,Pfannerstill,565-625-2080 x26294,red,Eugene24@hotmail.com,157.127.101.189
Darien,Shanahan,(964) 086-0915,ivory,Sylvester.Predovic63@gmail.com,216.106.145.64
